<?xml version="1.0" encoding="UTF-8"?>
<project-private xmlns="http://www.netbeans.org/ns/project-private/1">
    <editor-bookmarks xmlns="http://www.netbeans.org/ns/editor-bookmarks/2" lastBookmarkId="0"/>
    <open-files xmlns="http://www.netbeans.org/ns/projectui-open-files/2">
        <group>
            <file>file:/F:/Otari/src/java/Registrar.java</file>
            <file>file:/F:/Otari/web/login.jsp</file>
            <file>file:/F:/Otari/src/java/BD/Base.java</file>
            <file>file:/F:/Otari/src/java/Ingresar.java</file>
        </group>
    </open-files>
</project-private>
